500,3.37654446636295E-12
501,4.94537893031774E-12
502,7.20770878723262E-12
503,1.04541060771472E-11
504,1.50900198355093E-11
505,2.16783863223941E-11
506,3.09969597571409E-11
507,4.4115054179103E-11
508,6.24957471087644E-11
509,8.81313075768349E-11
510,1.23721753678404E-10
511,1.72909111687035E-10
512,2.40583250604048E-10
513,3.33279233467339E-10
514,4.59691114175285E-10
515,6.31333199249304E-10
516,8.63387207413993E-10
517,1.17578276298267E-09
518,1.59456958264481E-09
519,2.15365297952212E-09
520,2.89698046111406E-09
521,3.88128697194483E-09
522,5.17953073029728E-09
523,6.88518202761517E-09
524,9.11756576422038E-09
525,1.20285076657223E-08
526,1.58105979908548E-08
527,2.07074706321545E-08
528,2.70266075375743E-08
529,3.51553289796774E-08
530,4.55808338403389E-08
531,5.89154301497048E-08
532,7.59284701487606E-08
533,9.75870091271526E-08
534,1.25107884982431E-07
535,1.6002481751708E-07
536,2.04275315231258E-07
537,2.60313725723243E-07
538,3.31258756261785E-07
539,4.21086312993756E-07
540,5.34881652019736E-07
541,6.79168689275658E-07
542,8.62338948947024E-07
543,1.09520808218438E-06
544,1.39173415171619E-06
545,1.7699388774053E-06
546,2.25308060429705E-06
547,2.87113560220393E-06
548,3.66265200638752E-06
549,4.67704767146091E-06
550,5.97742866700221E-06
551,7.64400814445848E-06
552,9.77820473230442E-06
553,1.25074942129942E-05
554,1.59910766587938E-05
555,2.0426402105606E-05
556,2.60565699746364E-05
557,3.31785797892947E-05
558,4.21523626341681E-05
559,5.34104641568831E-05
560,6.74681813136446E-05
561,8.49338779429166E-05
562,0.000106519121019
563,0.000133048193522
564,0.000165466455716
565,0.000204846949693
566,0.00025239457847
567,0.00030944714747
568,0.000377472539637
569,0.000458061312361
570,0.000552914060334
571,0.000663822987906
572,0.000792647279698
573,0.000941282049147
574,0.00111162087851
575,0.001305512234673
576,0.001524710343948
577,0.001770821423879
578,0.002045246486508
579,0.002349122228981
580,0.002683261796314
581,0.003048097419881
582,0.003443627086925
583,0.003869367466617
584,0.004324315295469
585,0.004806919302059
586,0.00531506452586
587,0.005846070560725
588,0.006396704839164
589,0.006963211583266
590,0.007541356501166
591,0.008126486727637
592,0.008713604919576
593,0.00929745584939
594,0.009872623318848
595,0.010433634768462
596,0.010975070605359
597,0.011491675033906
598,0.011978465060526
599,0.01243083436341
600,0.01284464886889
601,0.01321633115222
602,0.01354293116855
603,0.013822181301671
604,0.014052534271383
605,0.014233183039643
606,0.014364062474238
607,0.01444583313966
608,0.014479848162676
609,0.014468104641741
610,0.014413181515702
611,0.014318166163193
612,0.01418657225989
613,0.014022251571426
614,0.013829302405544
615,0.013611977392824
616,0.01337459311994
617,0.013121443915328
618,0.01285672179898
619,0.012584444272279
620,0.012308391257253
621,0.012032052114182
622,0.01175858328787
623,0.011490776770305
624,0.01123103923294
625,0.010981381385055
626,0.010743416862688
627,0.010518369749837
628,0.010307089681956
629,0.01011007338082
630,0.009927491417257
631,0.00975921898997
632,0.009604869539541
633,0.009463830080578
634,0.009335297225225
635,0.009218312981333
636,0.00911179953185
637,0.00901459233247
638,0.008925470996707
639,0.008843187566759
640,0.008766491890799
641,0.008694153939759
642,0.008624982997022
643,0.008557843741345
644,0.008491669316212
645,0.008425471537437
646,0.008358348435934
647,0.008289489364772
648,0.008218177920301
649,0.008143792937557
650,0.008065807821834
651,0.007983788472775
652,0.007897390046094
653,0.007806352782407
654,0.007710497114036
655,0.007609718240057
656,0.007503980338362
657,0.007393310561893
658,0.007277792945036
659,0.007157562326152
660,0.007032798373445
661,0.006903719784365
662,0.006770578713385
663,0.006633655469553
664,0.006493253513496
665,0.006349694773595
666,0.00620331529272
667,0.006054461210009
668,0.005903485076631
669,0.005750742500094
670,0.005596589108264
671,0.005441377821735
672,0.005285456421398
673,0.005129165396803
674,0.004972836060194
675,0.004816788910686
676,0.004661332232998
677,0.004506760915251
678,0.004353355470683
679,0.004201381248468
680,0.00405108781936
681,0.003902708522383
682,0.003756460159335
683,0.003612542824442
684,0.003471139857064
685,0.003332417905891
686,0.003196527093621
687,0.003063601271657
688,0.002933758354844
689,0.002807100726807
690,0.002683715706926
691,0.002563676070475
692,0.00244704061393
693,0.002333854757913
694,0.002224151180707
695,0.00211795047573
696,0.002015261826798
697,0.001916083695462
698,0.001820404515127
699,0.001728203387085
700,0.001639450774041
701,0.001554109187072
702,0.001472133862407
703,0.001393473424767
704,0.001318070534394
705,0.001245862515262
706,0.001176781962287
707,0.001110757325706
708,0.001047713471093
709,0.000987572213771
710,0.000930252826678
711,0.000875672520971
712,0.00082374689891
713,0.0007743903788
714,0.000727516591926
715,0.000683038751661
716,0.000640869995026
717,0.00060092369719
718,0.00056311375949
719,0.000527354871679
720,0.000493562749208
721,0.000461654346432
722,0.000431548046696
723,0.000403163830316
724,0.000376423421516
725,0.000351250415407
726,0.000327570386113
727,0.000305310977188
728,0.000284401975413
729,0.00026477536913
730,0.000246365392192
731,0.000229108554624
732,0.00021294366107
733,0.000197811818033
734,0.00018365643094
735,0.00017042319196
736,0.000158060059538
737,0.000146517230484
738,0.000135747105489
739,0.00012570424885
740,0.000116345343144
741,0.000107629139568
742,9.95164045934963E-05
743,9.19698635552173E-05
744,8.49541417331863E-05
745,7.84357034630859E-05
746,7.23827897518988E-05
747,6.67653548430694E-05
748,6.15550021337856E-05
749,5.67249198095636E-05
750,5.22498165252959E-05
